<?xml version="1.0" encoding="UTF-8"?>
<export version="D">
  <design>
    <source>C:\Users\Hade\Documents\KiCad\SmartIrrigationController\SmartIrrigationController.sch</source>
    <date>7/29/2020 7:05:16 AM</date>
    <tool>Eeschema (5.1.6)-1</tool>
    <sheet number="1" name="/" tstamps="/">
      <title_block>
        <title>Smart Irrigation Controller - Modules PCB</title>
        <company/>
        <rev>v01</rev>
        <date/>
        <source>SmartIrrigationController.sch</source>
        <comment number="1" value=""/>
        <comment number="2" value=""/>
        <comment number="3" value=""/>
        <comment number="4" value="Author : Hadi Sandid"/>
      </title_block>
    </sheet>
  </design>
  <components>
    <comp ref="U1">
      <value>74LVC1G18</value>
      <footprint>74LVC1G18:74LVC1G18</footprint>
      <datasheet>http://www.ti.com/lit/sg/scyt129e/scyt129e.pdf</datasheet>
      <libsource lib="74xGxx" part="74LVC1G18" description="Single Demultiplexer, Low-Voltage CMOS"/>
      <sheetpath names="/" tstamps="/"/>
      <tstamp>5F22A8FE</tstamp>
    </comp>
    <comp ref="ANT1">
      <value>ANT-868-SP</value>
      <footprint>SmartIrrigationController:ANT_868MHZ_SPLATCH</footprint>
      <libsource lib="ANT-868-SP" part="ANT-868-SP" description=""/>
      <sheetpath names="/" tstamps="/"/>
      <tstamp>5F235715</tstamp>
    </comp>
    <comp ref="R1">
      <value>R</value>
      <footprint>Resistor_THT:R_Axial_DIN0207_L6.3mm_D2.5mm_P10.16mm_Horizontal</footprint>
      <datasheet>~</datasheet>
      <libsource lib="Device" part="R" description="Resistor"/>
      <sheetpath names="/" tstamps="/"/>
      <tstamp>5F2375CC</tstamp>
    </comp>
    <comp ref="U2">
      <value>74LVC1G18</value>
      <footprint>74LVC1G18:74LVC1G18</footprint>
      <datasheet>http://www.ti.com/lit/sg/scyt129e/scyt129e.pdf</datasheet>
      <libsource lib="74xGxx" part="74LVC1G18" description="Single Demultiplexer, Low-Voltage CMOS"/>
      <sheetpath names="/" tstamps="/"/>
      <tstamp>5F24E9AD</tstamp>
    </comp>
    <comp ref="U4">
      <value>MTXDOT-EU1-A00-1</value>
      <footprint>SmartIrrigationController:XCVR_MTXDOT-EU1-A00-1</footprint>
      <datasheet>MULTITECH</datasheet>
      <libsource lib="MTXDOT-EU1-A00-1" part="MTXDOT-EU1-A00-1" description=""/>
      <sheetpath names="/" tstamps="/"/>
      <tstamp>5F228833</tstamp>
    </comp>
    <comp ref="U3">
      <value>NL-SW-GPRS</value>
      <footprint>SmartIrrigationController:NIMBELINK_NL-SW-LTE-GELS3-C</footprint>
      <datasheet>NIMBELINK</datasheet>
      <libsource lib="NL-SW-GPRS" part="NL-SW-GPRS" description=""/>
      <sheetpath names="/" tstamps="/"/>
      <tstamp>5F264B82</tstamp>
    </comp>
    <comp ref="R2">
      <value>R</value>
      <footprint>Resistor_THT:R_Axial_DIN0207_L6.3mm_D2.5mm_P10.16mm_Horizontal</footprint>
      <datasheet>~</datasheet>
      <libsource lib="Device" part="R" description="Resistor"/>
      <sheetpath names="/" tstamps="/"/>
      <tstamp>5F28CF8D</tstamp>
    </comp>
    <comp ref="R3">
      <value>R</value>
      <footprint>Resistor_THT:R_Axial_DIN0207_L6.3mm_D2.5mm_P10.16mm_Horizontal</footprint>
      <datasheet>~</datasheet>
      <libsource lib="Device" part="R" description="Resistor"/>
      <sheetpath names="/" tstamps="/"/>
      <tstamp>5F2392D8</tstamp>
    </comp>
    <comp ref="J2">
      <value>Conn_02x20_Odd_Even</value>
      <footprint>Connector_PinHeader_2.54mm:PinHeader_2x20_P2.54mm_Vertical</footprint>
      <datasheet>~</datasheet>
      <libsource lib="Connector_Generic" part="Conn_02x20_Odd_Even" description="Generic connector, double row, 02x20, odd/even pin numbering scheme (row 1 odd numbers, row 2 even numbers), script generated (kicad-library-utils/schlib/autogen/connector/)"/>
      <sheetpath names="/" tstamps="/"/>
      <tstamp>5F3182A1</tstamp>
    </comp>
    <comp ref="J1">
      <value>Raspberry_Pi_2_3</value>
      <footprint>Connector_PinSocket_2.54mm:PinSocket_2x20_P2.54mm_Vertical</footprint>
      <datasheet>https://www.raspberrypi.org/documentation/hardware/raspberrypi/schematics/rpi_SCH_3bplus_1p0_reduced.pdf</datasheet>
      <libsource lib="Connector" part="Raspberry_Pi_2_3" description="expansion header for Raspberry Pi 2 &amp; 3"/>
      <sheetpath names="/" tstamps="/"/>
      <tstamp>5F23C57C</tstamp>
    </comp>
  </components>
  <libparts>
    <libpart lib="74xGxx" part="74LVC1G18">
      <aliases>
        <alias>74AUC1G18</alias>
      </aliases>
      <description>Single Demultiplexer, Low-Voltage CMOS</description>
      <docs>http://www.ti.com/lit/sg/scyt129e/scyt129e.pdf</docs>
      <footprints>
        <fp>SOT*</fp>
        <fp>SG-*</fp>
      </footprints>
      <fields>
        <field name="Reference">U</field>
        <field name="Value">74LVC1G18</field>
      </fields>
      <pins>
        <pin num="1" name="~" type="input"/>
        <pin num="2" name="GND" type="power_in"/>
        <pin num="3" name="~" type="input"/>
        <pin num="4" name="~" type="3state"/>
        <pin num="5" name="VCC" type="power_in"/>
        <pin num="6" name="~" type="3state"/>
      </pins>
    </libpart>
    <libpart lib="ANT-868-SP" part="ANT-868-SP">
      <fields>
        <field name="Reference">ANT</field>
        <field name="Value">ANT-868-SP</field>
        <field name="Footprint">ANT_868MHZ_SPLATCH</field>
      </fields>
      <pins>
        <pin num="GND1" name="GND1" type="power_in"/>
        <pin num="GND2" name="GND2" type="power_in"/>
        <pin num="GND3" name="GND3" type="power_in"/>
        <pin num="GND4" name="GND4" type="power_in"/>
        <pin num="GND5" name="GND5" type="power_in"/>
        <pin num="MICROSTRIP" name="ANT" type="BiDi"/>
      </pins>
    </libpart>
    <libpart lib="Connector" part="Raspberry_Pi_2_3">
      <description>expansion header for Raspberry Pi 2 &amp; 3</description>
      <docs>https://www.raspberrypi.org/documentation/hardware/raspberrypi/schematics/rpi_SCH_3bplus_1p0_reduced.pdf</docs>
      <footprints>
        <fp>PinHeader*2x20*P2.54mm*Vertical*</fp>
        <fp>PinSocket*2x20*P2.54mm*Vertical*</fp>
      </footprints>
      <fields>
        <field name="Reference">J</field>
        <field name="Value">Raspberry_Pi_2_3</field>
      </fields>
      <pins>
        <pin num="1" name="3V3" type="power_in"/>
        <pin num="2" name="5V" type="power_in"/>
        <pin num="3" name="SDA/GPIO2" type="BiDi"/>
        <pin num="4" name="5V" type="power_in"/>
        <pin num="5" name="SCL/GPIO3" type="BiDi"/>
        <pin num="6" name="GND" type="power_in"/>
        <pin num="7" name="GCLK0/GPIO4" type="BiDi"/>
        <pin num="8" name="GPIO14/TXD" type="BiDi"/>
        <pin num="9" name="GND" type="power_in"/>
        <pin num="10" name="GPIO15/RXD" type="BiDi"/>
        <pin num="11" name="GPIO17" type="BiDi"/>
        <pin num="12" name="GPIO18/PWM0" type="BiDi"/>
        <pin num="13" name="GPIO27" type="BiDi"/>
        <pin num="14" name="GND" type="power_in"/>
        <pin num="15" name="GPIO22" type="BiDi"/>
        <pin num="16" name="GPIO23" type="BiDi"/>
        <pin num="17" name="3V3" type="power_in"/>
        <pin num="18" name="GPIO24" type="BiDi"/>
        <pin num="19" name="MOSI0/GPIO10" type="BiDi"/>
        <pin num="20" name="GND" type="power_in"/>
        <pin num="21" name="MISO0/GPIO9" type="BiDi"/>
        <pin num="22" name="GPIO25" type="BiDi"/>
        <pin num="23" name="SCLK0/GPIO11" type="BiDi"/>
        <pin num="24" name="~CE0~/GPIO8" type="BiDi"/>
        <pin num="25" name="GND" type="power_in"/>
        <pin num="26" name="~CE1~/GPIO7" type="BiDi"/>
        <pin num="27" name="ID_SD/GPIO0" type="BiDi"/>
        <pin num="28" name="ID_SC/GPIO1" type="BiDi"/>
        <pin num="29" name="GCLK1/GPIO5" type="BiDi"/>
        <pin num="30" name="GND" type="power_in"/>
        <pin num="31" name="GCLK2/GPIO6" type="BiDi"/>
        <pin num="32" name="PWM0/GPIO12" type="BiDi"/>
        <pin num="33" name="PWM1/GPIO13" type="BiDi"/>
        <pin num="34" name="GND" type="power_in"/>
        <pin num="35" name="GPIO19/MISO1" type="BiDi"/>
        <pin num="36" name="GPIO16" type="BiDi"/>
        <pin num="37" name="GPIO26" type="BiDi"/>
        <pin num="38" name="GPIO20/MOSI1" type="BiDi"/>
        <pin num="39" name="GND" type="power_in"/>
        <pin num="40" name="GPIO21/SCLK1" type="BiDi"/>
      </pins>
    </libpart>
    <libpart lib="Connector_Generic" part="Conn_02x20_Odd_Even">
      <description>Generic connector, double row, 02x20, odd/even pin numbering scheme (row 1 odd numbers, row 2 even numbers), script generated (kicad-library-utils/schlib/autogen/connector/)</description>
      <docs>~</docs>
      <footprints>
        <fp>Connector*:*_2x??_*</fp>
      </footprints>
      <fields>
        <field name="Reference">J</field>
        <field name="Value">Conn_02x20_Odd_Even</field>
      </fields>
      <pins>
        <pin num="1" name="Pin_1" type="passive"/>
        <pin num="2" name="Pin_2" type="passive"/>
        <pin num="3" name="Pin_3" type="passive"/>
        <pin num="4" name="Pin_4" type="passive"/>
        <pin num="5" name="Pin_5" type="passive"/>
        <pin num="6" name="Pin_6" type="passive"/>
        <pin num="7" name="Pin_7" type="passive"/>
        <pin num="8" name="Pin_8" type="passive"/>
        <pin num="9" name="Pin_9" type="passive"/>
        <pin num="10" name="Pin_10" type="passive"/>
        <pin num="11" name="Pin_11" type="passive"/>
        <pin num="12" name="Pin_12" type="passive"/>
        <pin num="13" name="Pin_13" type="passive"/>
        <pin num="14" name="Pin_14" type="passive"/>
        <pin num="15" name="Pin_15" type="passive"/>
        <pin num="16" name="Pin_16" type="passive"/>
        <pin num="17" name="Pin_17" type="passive"/>
        <pin num="18" name="Pin_18" type="passive"/>
        <pin num="19" name="Pin_19" type="passive"/>
        <pin num="20" name="Pin_20" type="passive"/>
        <pin num="21" name="Pin_21" type="passive"/>
        <pin num="22" name="Pin_22" type="passive"/>
        <pin num="23" name="Pin_23" type="passive"/>
        <pin num="24" name="Pin_24" type="passive"/>
        <pin num="25" name="Pin_25" type="passive"/>
        <pin num="26" name="Pin_26" type="passive"/>
        <pin num="27" name="Pin_27" type="passive"/>
        <pin num="28" name="Pin_28" type="passive"/>
        <pin num="29" name="Pin_29" type="passive"/>
        <pin num="30" name="Pin_30" type="passive"/>
        <pin num="31" name="Pin_31" type="passive"/>
        <pin num="32" name="Pin_32" type="passive"/>
        <pin num="33" name="Pin_33" type="passive"/>
        <pin num="34" name="Pin_34" type="passive"/>
        <pin num="35" name="Pin_35" type="passive"/>
        <pin num="36" name="Pin_36" type="passive"/>
        <pin num="37" name="Pin_37" type="passive"/>
        <pin num="38" name="Pin_38" type="passive"/>
        <pin num="39" name="Pin_39" type="passive"/>
        <pin num="40" name="Pin_40" type="passive"/>
      </pins>
    </libpart>
    <libpart lib="Device" part="R">
      <description>Resistor</description>
      <docs>~</docs>
      <footprints>
        <fp>R_*</fp>
      </footprints>
      <fields>
        <field name="Reference">R</field>
        <field name="Value">R</field>
      </fields>
      <pins>
        <pin num="1" name="~" type="passive"/>
        <pin num="2" name="~" type="passive"/>
      </pins>
    </libpart>
    <libpart lib="MTXDOT-EU1-A00-1" part="MTXDOT-EU1-A00-1">
      <fields>
        <field name="Reference">U</field>
        <field name="Value">MTXDOT-EU1-A00-1</field>
        <field name="Footprint">XCVR_MTXDOT-EU1-A00-1</field>
        <field name="Datasheet">MULTITECH</field>
      </fields>
      <pins>
        <pin num="1" name="VSS" type="power_in"/>
        <pin num="3" name="VDD" type="power_in"/>
        <pin num="4" name="VDD" type="power_in"/>
        <pin num="5" name="VSS" type="power_in"/>
        <pin num="9" name="SPI_NSS" type="BiDi"/>
        <pin num="10" name="SPI_SCK" type="BiDi"/>
        <pin num="11" name="SPI_MOSI" type="BiDi"/>
        <pin num="12" name="SPI_MISO" type="BiDi"/>
        <pin num="13" name="UART1_TX" type="BiDi"/>
        <pin num="14" name="UART1_RX" type="BiDi"/>
        <pin num="15" name="UART2_TX" type="BiDi"/>
        <pin num="16" name="UART2_RX" type="BiDi"/>
        <pin num="17" name="VSS" type="power_in"/>
        <pin num="20" name="VSS" type="power_in"/>
        <pin num="23" name="GPIO3" type="BiDi"/>
        <pin num="24" name="GPIO2" type="BiDi"/>
        <pin num="25" name="GPIO1" type="BiDi"/>
        <pin num="26" name="GPIO0" type="BiDi"/>
        <pin num="27" name="I2C0_SCL" type="BiDi"/>
        <pin num="28" name="I2C0_SDA" type="BiDi"/>
        <pin num="29" name="SWCLK" type="BiDi"/>
        <pin num="30" name="SWDIO" type="BiDi"/>
        <pin num="31" name="UART_RTS" type="BiDi"/>
        <pin num="32" name="UART_CTS" type="BiDi"/>
        <pin num="33" name="NRESET" type="input"/>
        <pin num="34" name="WAKE" type="input"/>
        <pin num="35" name="VSS" type="power_in"/>
        <pin num="36" name="VSS" type="power_in"/>
        <pin num="37" name="ANT1" type="passive"/>
        <pin num="38" name="VSS" type="power_in"/>
        <pin num="39" name="VSS" type="power_in"/>
        <pin num="40" name="VSS" type="power_in"/>
        <pin num="41" name="VSS" type="power_in"/>
        <pin num="42" name="VSS" type="power_in"/>
        <pin num="43" name="VSS" type="power_in"/>
        <pin num="44" name="VSS" type="power_in"/>
        <pin num="45" name="VSS" type="power_in"/>
        <pin num="46" name="VSS" type="power_in"/>
        <pin num="47" name="ANT2" type="passive"/>
        <pin num="48" name="VSS" type="power_in"/>
        <pin num="49" name="VSS" type="power_in"/>
        <pin num="50" name="VSS" type="power_in"/>
        <pin num="51" name="VSS" type="power_in"/>
        <pin num="52" name="VSS" type="power_in"/>
        <pin num="53" name="VSS" type="power_in"/>
        <pin num="54" name="VSS" type="power_in"/>
        <pin num="55" name="VSS" type="power_in"/>
        <pin num="56" name="VSS" type="power_in"/>
        <pin num="57" name="VSS" type="power_in"/>
        <pin num="58" name="VSS" type="power_in"/>
      </pins>
    </libpart>
    <libpart lib="NL-SW-GPRS" part="NL-SW-GPRS">
      <fields>
        <field name="Reference">U</field>
        <field name="Value">NL-SW-GPRS</field>
        <field name="Footprint">NIMBELINK_NL-SW-LTE-GELS3-C</field>
        <field name="Datasheet">NIMBELINK</field>
      </fields>
      <pins>
        <pin num="1" name="VCC" type="power_in"/>
        <pin num="2" name="DOUT" type="output"/>
        <pin num="3" name="DIN" type="input"/>
        <pin num="4" name="GND" type="power_in"/>
        <pin num="5" name="RESET_NIN" type="input"/>
        <pin num="6" name="VUSB" type="input"/>
        <pin num="7" name="USB_D+" type="BiDi"/>
        <pin num="8" name="USB_D-" type="BiDi"/>
        <pin num="9" name="DTR" type="input"/>
        <pin num="10" name="GND" type="power_in"/>
        <pin num="11" name="GND" type="power_in"/>
        <pin num="12" name="CTS" type="output"/>
        <pin num="13" name="V180" type="output"/>
        <pin num="14" name="VREF" type="input"/>
        <pin num="15" name="GND" type="power_in"/>
        <pin num="16" name="RTS" type="input"/>
        <pin num="17" name="DIO8" type="BiDi"/>
        <pin num="18" name="DIO7" type="BiDi"/>
        <pin num="19" name="ADC1" type="input"/>
        <pin num="20" name="PWR_ON" type="input"/>
      </pins>
    </libpart>
  </libparts>
  <libraries>
    <library logical="74xGxx">
      <uri>C:\Program Files\KiCad\share\kicad\library/74xGxx.lib</uri>
    </library>
    <library logical="ANT-868-SP">
      <uri>C:\Users\Hade\Documents\KiCad\SmartIrrigationController/component-libraries/symbol/ANT-868-SP.lib</uri>
    </library>
    <library logical="Connector">
      <uri>C:\Program Files\KiCad\share\kicad\library/Connector.lib</uri>
    </library>
    <library logical="Connector_Generic">
      <uri>C:\Program Files\KiCad\share\kicad\library/Connector_Generic.lib</uri>
    </library>
    <library logical="Device">
      <uri>C:\Program Files\KiCad\share\kicad\library/Device.lib</uri>
    </library>
    <library logical="MTXDOT-EU1-A00-1">
      <uri>C:\Users\Hade\Documents\KiCad\SmartIrrigationController/component-libraries/symbol/MTXDOT-EU1-A00-1.lib</uri>
    </library>
    <library logical="NL-SW-GPRS">
      <uri>C:\Users\Hade\Documents\KiCad\SmartIrrigationController/component-libraries/symbol/NL-SW-GPRS.lib</uri>
    </library>
  </libraries>
  <nets>
    <net code="1" name="/3v3">
      <node ref="J2" pin="17"/>
      <node ref="J1" pin="17"/>
    </net>
    <net code="2" name="Net-(J2-Pad25)">
      <node ref="J2" pin="25"/>
    </net>
    <net code="3" name="/GPIO_8">
      <node ref="J2" pin="24"/>
      <node ref="J1" pin="24"/>
    </net>
    <net code="4" name="/GPIO_11">
      <node ref="J1" pin="23"/>
      <node ref="J2" pin="23"/>
    </net>
    <net code="5" name="/GPIO_25">
      <node ref="J1" pin="22"/>
      <node ref="J2" pin="22"/>
    </net>
    <net code="6" name="/GPIO_9">
      <node ref="J1" pin="21"/>
      <node ref="J2" pin="21"/>
    </net>
    <net code="7" name="Net-(J2-Pad20)">
      <node ref="J2" pin="20"/>
    </net>
    <net code="8" name="/5V">
      <node ref="J2" pin="2"/>
      <node ref="J1" pin="2"/>
    </net>
    <net code="9" name="/GPIO_10">
      <node ref="J1" pin="19"/>
      <node ref="J2" pin="19"/>
    </net>
    <net code="10" name="/GPIO_24">
      <node ref="J1" pin="18"/>
      <node ref="J2" pin="18"/>
    </net>
    <net code="11" name="/GPIO_7">
      <node ref="J1" pin="26"/>
      <node ref="J2" pin="26"/>
    </net>
    <net code="12" name="Net-(J2-Pad16)">
      <node ref="J2" pin="16"/>
    </net>
    <net code="13" name="Net-(J2-Pad15)">
      <node ref="J2" pin="15"/>
    </net>
    <net code="14" name="Net-(J2-Pad14)">
      <node ref="J2" pin="14"/>
    </net>
    <net code="15" name="/GPIO_27">
      <node ref="J2" pin="13"/>
      <node ref="J1" pin="13"/>
    </net>
    <net code="16" name="/GPIO_18">
      <node ref="J2" pin="12"/>
      <node ref="J1" pin="12"/>
    </net>
    <net code="17" name="/GPIO_17">
      <node ref="J2" pin="11"/>
      <node ref="J1" pin="11"/>
    </net>
    <net code="18" name="Net-(J2-Pad10)">
      <node ref="J2" pin="10"/>
    </net>
    <net code="19" name="Net-(J2-Pad1)">
      <node ref="J2" pin="1"/>
    </net>
    <net code="20" name="/GND_1">
      <node ref="J2" pin="34"/>
      <node ref="J1" pin="34"/>
    </net>
    <net code="21" name="Net-(J2-Pad6)">
      <node ref="J2" pin="6"/>
    </net>
    <net code="22" name="/GPIO_3">
      <node ref="J1" pin="5"/>
      <node ref="J2" pin="5"/>
    </net>
    <net code="23" name="/GPIO_21">
      <node ref="J2" pin="40"/>
      <node ref="J1" pin="40"/>
    </net>
    <net code="24" name="Net-(J2-Pad4)">
      <node ref="J2" pin="4"/>
    </net>
    <net code="25" name="/GPIO_26">
      <node ref="J1" pin="37"/>
      <node ref="J2" pin="37"/>
    </net>
    <net code="26" name="/GPIO_16">
      <node ref="J2" pin="36"/>
      <node ref="J1" pin="36"/>
    </net>
    <net code="27" name="/GPIO_19">
      <node ref="J2" pin="35"/>
      <node ref="J1" pin="35"/>
    </net>
    <net code="28" name="/GPIO_13">
      <node ref="J1" pin="33"/>
      <node ref="J2" pin="33"/>
    </net>
    <net code="29" name="/GPIO_12">
      <node ref="J1" pin="32"/>
      <node ref="J2" pin="32"/>
    </net>
    <net code="30" name="/GPIO_6">
      <node ref="J2" pin="31"/>
      <node ref="J1" pin="31"/>
    </net>
    <net code="31" name="Net-(J2-Pad30)">
      <node ref="J2" pin="30"/>
    </net>
    <net code="32" name="/GPIO_2">
      <node ref="J2" pin="3"/>
      <node ref="J1" pin="3"/>
    </net>
    <net code="33" name="/GPIO_5">
      <node ref="J1" pin="29"/>
      <node ref="J2" pin="29"/>
    </net>
    <net code="34" name="/GPIO_1">
      <node ref="J1" pin="28"/>
      <node ref="J2" pin="28"/>
    </net>
    <net code="35" name="/GPIO_0">
      <node ref="J1" pin="27"/>
      <node ref="J2" pin="27"/>
    </net>
    <net code="36" name="/GPIO_4">
      <node ref="J2" pin="7"/>
      <node ref="J1" pin="7"/>
    </net>
    <net code="37" name="Net-(J1-Pad25)">
      <node ref="J1" pin="25"/>
    </net>
    <net code="38" name="Net-(J1-Pad20)">
      <node ref="J1" pin="20"/>
    </net>
    <net code="39" name="Net-(J1-Pad16)">
      <node ref="R2" pin="1"/>
      <node ref="J1" pin="16"/>
    </net>
    <net code="40" name="Net-(J1-Pad15)">
      <node ref="J1" pin="15"/>
      <node ref="R3" pin="1"/>
    </net>
    <net code="41" name="Net-(J1-Pad14)">
      <node ref="J1" pin="14"/>
    </net>
    <net code="42" name="Net-(J1-Pad9)">
      <node ref="J1" pin="9"/>
    </net>
    <net code="43" name="Net-(J1-Pad8)">
      <node ref="U2" pin="3"/>
      <node ref="J1" pin="8"/>
    </net>
    <net code="44" name="Net-(J1-Pad6)">
      <node ref="J1" pin="6"/>
    </net>
    <net code="45" name="Net-(J1-Pad4)">
      <node ref="J1" pin="4"/>
    </net>
    <net code="46" name="/GPIO_20">
      <node ref="J2" pin="38"/>
      <node ref="J1" pin="38"/>
    </net>
    <net code="47" name="Net-(J1-Pad30)">
      <node ref="J1" pin="30"/>
    </net>
    <net code="48" name="Net-(J2-Pad9)">
      <node ref="J2" pin="9"/>
    </net>
    <net code="49" name="Net-(J2-Pad8)">
      <node ref="J2" pin="8"/>
    </net>
    <net code="50" name="Net-(J1-Pad1)">
      <node ref="J1" pin="1"/>
      <node ref="R1" pin="1"/>
    </net>
    <net code="51" name="Net-(U4-Pad26)">
      <node ref="U4" pin="26"/>
    </net>
    <net code="52" name="Net-(U4-Pad31)">
      <node ref="U4" pin="31"/>
    </net>
    <net code="53" name="Net-(U4-Pad30)">
      <node ref="U4" pin="30"/>
    </net>
    <net code="54" name="Net-(U4-Pad29)">
      <node ref="U4" pin="29"/>
    </net>
    <net code="55" name="Net-(U4-Pad28)">
      <node ref="U4" pin="28"/>
    </net>
    <net code="56" name="Net-(U4-Pad27)">
      <node ref="U4" pin="27"/>
    </net>
    <net code="57" name="Net-(U4-Pad23)">
      <node ref="U4" pin="23"/>
    </net>
    <net code="58" name="Net-(U4-Pad24)">
      <node ref="U4" pin="24"/>
    </net>
    <net code="59" name="Net-(U4-Pad25)">
      <node ref="U4" pin="25"/>
    </net>
    <net code="60" name="Net-(U4-Pad33)">
      <node ref="U4" pin="33"/>
    </net>
    <net code="61" name="Net-(U1-Pad6)">
      <node ref="U4" pin="13"/>
      <node ref="U1" pin="6"/>
    </net>
    <net code="62" name="Net-(U4-Pad16)">
      <node ref="U4" pin="16"/>
    </net>
    <net code="63" name="Net-(U4-Pad15)">
      <node ref="U4" pin="15"/>
    </net>
    <net code="64" name="Net-(U4-Pad12)">
      <node ref="U4" pin="12"/>
    </net>
    <net code="65" name="Net-(U4-Pad11)">
      <node ref="U4" pin="11"/>
    </net>
    <net code="66" name="Net-(U4-Pad10)">
      <node ref="U4" pin="10"/>
    </net>
    <net code="67" name="Net-(U4-Pad9)">
      <node ref="U4" pin="9"/>
    </net>
    <net code="68" name="Net-(J1-Pad10)">
      <node ref="U1" pin="3"/>
      <node ref="J1" pin="10"/>
    </net>
    <net code="69" name="Net-(U4-Pad47)">
      <node ref="U4" pin="47"/>
    </net>
    <net code="70" name="Net-(ANT1-PadMICROSTRIP)">
      <node ref="ANT1" pin="MICROSTRIP"/>
      <node ref="U4" pin="37"/>
    </net>
    <net code="71" name="GND">
      <node ref="U4" pin="48"/>
      <node ref="U2" pin="2"/>
      <node ref="U1" pin="2"/>
      <node ref="U3" pin="11"/>
      <node ref="U3" pin="10"/>
      <node ref="U4" pin="53"/>
      <node ref="U3" pin="16"/>
      <node ref="U3" pin="15"/>
      <node ref="U4" pin="57"/>
      <node ref="U4" pin="58"/>
      <node ref="U4" pin="56"/>
      <node ref="U4" pin="55"/>
      <node ref="U4" pin="54"/>
      <node ref="U3" pin="4"/>
      <node ref="U4" pin="52"/>
      <node ref="U4" pin="51"/>
      <node ref="U4" pin="50"/>
      <node ref="U3" pin="9"/>
      <node ref="J2" pin="39"/>
      <node ref="U4" pin="49"/>
      <node ref="U4" pin="32"/>
      <node ref="U4" pin="44"/>
      <node ref="U4" pin="43"/>
      <node ref="U4" pin="42"/>
      <node ref="U4" pin="41"/>
      <node ref="U4" pin="40"/>
      <node ref="U4" pin="39"/>
      <node ref="U4" pin="38"/>
      <node ref="U4" pin="45"/>
      <node ref="U4" pin="35"/>
      <node ref="U4" pin="20"/>
      <node ref="U4" pin="17"/>
      <node ref="U4" pin="5"/>
      <node ref="U4" pin="1"/>
      <node ref="U4" pin="46"/>
      <node ref="ANT1" pin="GND2"/>
      <node ref="U4" pin="36"/>
      <node ref="ANT1" pin="GND5"/>
      <node ref="ANT1" pin="GND4"/>
      <node ref="ANT1" pin="GND3"/>
      <node ref="ANT1" pin="GND1"/>
      <node ref="J1" pin="39"/>
    </net>
    <net code="72" name="VCC">
      <node ref="U1" pin="5"/>
      <node ref="U2" pin="5"/>
    </net>
    <net code="73" name="Net-(R2-Pad2)">
      <node ref="U2" pin="1"/>
      <node ref="U1" pin="1"/>
      <node ref="R2" pin="2"/>
    </net>
    <net code="74" name="Net-(U3-Pad6)">
      <node ref="U3" pin="6"/>
    </net>
    <net code="75" name="Net-(R1-Pad2)">
      <node ref="U4" pin="3"/>
      <node ref="U3" pin="14"/>
      <node ref="U3" pin="1"/>
      <node ref="R1" pin="2"/>
      <node ref="U4" pin="4"/>
    </net>
    <net code="76" name="Net-(U3-Pad8)">
      <node ref="U3" pin="8"/>
    </net>
    <net code="77" name="Net-(U3-Pad7)">
      <node ref="U3" pin="7"/>
    </net>
    <net code="78" name="Net-(U3-Pad5)">
      <node ref="U3" pin="5"/>
    </net>
    <net code="79" name="Net-(U2-Pad4)">
      <node ref="U3" pin="3"/>
      <node ref="U2" pin="4"/>
    </net>
    <net code="80" name="Net-(R3-Pad2)">
      <node ref="U4" pin="34"/>
      <node ref="R3" pin="2"/>
      <node ref="U3" pin="20"/>
    </net>
    <net code="81" name="Net-(U1-Pad4)">
      <node ref="U1" pin="4"/>
      <node ref="U3" pin="2"/>
    </net>
    <net code="82" name="Net-(U3-Pad19)">
      <node ref="U3" pin="19"/>
    </net>
    <net code="83" name="Net-(U3-Pad18)">
      <node ref="U3" pin="18"/>
    </net>
    <net code="84" name="Net-(U3-Pad17)">
      <node ref="U3" pin="17"/>
    </net>
    <net code="85" name="Net-(U2-Pad6)">
      <node ref="U2" pin="6"/>
      <node ref="U4" pin="14"/>
    </net>
    <net code="86" name="Net-(U3-Pad13)">
      <node ref="U3" pin="13"/>
    </net>
    <net code="87" name="Net-(U3-Pad12)">
      <node ref="U3" pin="12"/>
    </net>
  </nets>
</export>
